escenario,SPX,CMC200
s1,-0.478245,-0.855081
s2,-0.338721,-0.756121
s3,-0.224907,-0.715691
s4,-0.093876,-0.311669
s5,0.126891,0.035595
