escenario,SPX,CMC200
s1,-0.126355,-0.876682
s2,0.087604,-0.804309
s3,0.245437,-0.670137
s4,0.416197,-0.472492
s5,0.713790,0.037725
