asset,pin_model,pin_baseline,improvement_pct
SPX,0.007403085662349891,0.0073585724648558065,-0.6049162076840005
CMC200,0.0220926211939638,0.02189864112802588,-0.8858086892417377
