lambda,m,mean_regret,worst_regret
0.05,0.5,3131.138,4684.004
0.05,3.0,3131.1355,4684.001
0.05,5.0,3131.138,4684.004
1.0,0.5,1576.01,2524.5532
1.0,3.0,1629.8942,2605.8682
1.0,5.0,1629.8943,2605.8672
3.0,0.5,428.27148,708.7119
3.0,3.0,460.91495,762.2622
3.0,5.0,487.03387,805.0469
5.0,0.5,186.01778,308.34277
5.0,3.0,205.88477,341.35352
5.0,5.0,221.80147,367.7788
10.0,0.5,1.38125,6.90625
10.0,3.0,11.498047,16.96582
10.0,5.0,19.586426,30.512695
