asset,n,rng_pred,rng_real,rng_ret,freq_bull_realizado,"corr(pred, real)","MAE(pred, real)","RMSE(pred, real)","Brier(pred, sign)","Brier(real, sign)","Brier(const, sign)","LogLoss(pred, sign)","LogLoss(real, sign)","Acc(pred, sign)","Acc(real, sign)","corr(pred, ret)","corr(real, ret)",ACF1(pred),ACF1(real),ACF1(ret),ACF5(pred),ACF5(real)
SPX,111,"[0.400, 0.600]  std=0.075","[0.056, 0.940]  std=0.322","[-0.060, 0.064]  std=0.026",0.522522509098053,0.11601924163039455,0.29331711534508714,0.3221630756019331,0.2572973072528839,0.3229479650450451,0.24949274957180023,0.7080789804458618,0.9341976006732172,0.5135135135135135,0.5495495495495496,-0.04857831210202044,0.06003135107439695,0.36379414796829224,0.41086436346766775,-0.042190716119989945,-0.15426495671272278,0.24021955521980906
CMC200,111,"[0.400, 0.600]  std=0.049","[0.114, 0.883]  std=0.151","[-0.360, 0.250]  std=0.082",0.4954954981803894,-0.3186980273578369,0.4080252198554373,0.4201273514689062,0.2572973370552063,0.3412997888288288,0.24997968971729279,0.7080788612365723,0.9503378039801247,0.5135135135135135,0.5405405405405406,0.09050684513874276,0.029547773079581258,0.23717071115970612,0.038217900622494645,-0.04731538389853237,0.14668919146060944,0.02854674582570552
